{   "uuid": "bowser-gnome@kronosoul.xyz",

    "name": "Bowser Gnome Extension",
    "url": "https://github.com/blipk/bowser-gnome",
    "description": "Create rules to open specific websites in specific web browsers for links clicked in any application on your computer. (emails, chat etc)",
    "original-author": "admin@kronosoul.xyz",
    "version": 12,

    "extension-id": "bowser-gnome",
    "application-id": "org.kronosoul.Bowser",
    "resource-path": "/org/kronosoul/Bowser/",
    "settings-schema": "org.gnome.shell.extensions.Bowser",
    "settings-path": "/org/gnome/shell/extensions/Bowser/",
    "gettext-domain": "bowser-gnome",
    "shell-version": ["3.38"]
}