{"uuid": "bowser-gnome@kronosoul.xyz",
"name": "Bowser Gnome Extension",
"original-author": "adpl@kronosoul.xyz", 
"description": "Create rules to open specific websites in specific web browsers for links clicked in any application on your computer. (emails, chat etc)",
"settings-schema": "org.gnome.shell.extensions.bowser-gnome", 
"url": "https://github.com/blipk/bowser-gnome",
"extension-id": "bowser-gnome",
"gettext-domain": "bowser-gnome",
"shell-version": [
    "3.00", 
    "3.10", 
    "3.12", 
    "3.14", 
    "3.16", 
    "3.18", 
    "3.20", 
    "3.22", 
    "3.24", 
    "3.26", 
    "3.28", 
    "3.30",
    "3.32",
    "3.34",
    "3.36"
],
"version": 7
}
