<?xml version="1.0" encoding="UTF-8"?>
<schemalist gettext-domain="gnome-shell-extensions">
  <enum id='org.gnome.shell.extensions.setspace.test'>
    <value value='0' nick='DOTS'/>
    <value value='1' nick='SQUARES'/>
    <value value='2' nick='DASHES'/>
    <value value='3' nick='SEGMENTED'/>
    <value value='4' nick='SOLID'/>
    <value value='5' nick='CILIORA'/>
    <value value='6' nick='METRO'/>
  </enum>

  <schema path="/org/gnome/shell/extensions/bowser-gnome/" id="org.gnome.shell.extensions.bowser-gnome">
    <key name="panel-position" enum="org.gnome.shell.extensions.setspace.test">
      <default>'DOTS'</default>
      <summary>test</summary>
      <description>test</description>
    </key>
     <key name="favorites-example" type="s">
      <default>"['org.gnome.Terminal.desktop', 'nemo.desktop', 'hexchat.desktop', 'steam.desktop', 'palemoon.desktop', 'firefox.desktop', 'com.visualstudio.code.oss.desktop']"</default>
      <summary>Multidimensional array containing info on each setspace, first value is its name</summary>
      <description>Contains the naming and app data for each favorite.</description>
    </key>
    <key name="setspace-prototype-json" type="s">
      <default>"{\"SetspaceName\":\"\", \"Favorite\":false, \"DefaultWorkspaceIndex\":-1, \"WindowData\":null, \"Type\":1, \"FavApps\":[\"\"], \"active\":false, \"activeWorkspaceIndex\":null}"</default>
      <summary>JSObject containing info on each setspace</summary>
      <description>Contains the information on each set.</description>
    </key>
    <key name="setspace-example-json" type="s">
      <default>"{\"SetspaceName\":\"Primary Setspace\", \"Favorite\":true, \"DefaultWorkspaceIndex\":0, \"WindowData\":null, \"Type\":1, \"FavApps\":[\"org.gnome.Terminal.desktop\",\"nemo.desktop\"], \"active\":false, \"activeWorkspaceIndex\":null}"</default>
      <summary>JSObject containing info on each setspace</summary>
      <description>Contains the information on each set.</description>
    </key>
    <key name="session-prototype-json" type="s">
      <default>"[{\"CollectionName\":\"\",\"Favorite\":false,\"Setspace\":[{\"SetspaceName\":\"\", \"Favorite\":false, \"DefaultWorkspaceIndex\":-1, \"WindowData\":null, \"Type\":1, \"FavApps\":[\"\"], \"active\":false, \"activeWorkspaceIndex\":null}]}]"</default>
      <summary>JSObject containing info on each setspace</summary>
      <description>Contains the information on each set.</description>
    </key>
    <key name="session-example-json" type="s">
      <default>"[{\"CollectionName\":\"Primary Session\",\"Favorite\":true,\"Setspace\":[{\"SetspaceName\":\"Primary Setspace\", \"Favorite\":true, \"DefaultWorkspaceIndex\":0, \"WindowData\":null, \"Type\":1, \"FavApps\":[\"nemo.desktop\"], \"active\":false, \"activeWorkspaceIndex\":null},{\"SetspaceName\":\"Projects\", \"Favorite\":false, \"DefaultWorkspaceIndex\":1, \"WindowData\":null, \"Type\":1, \"FavApps\":[\"org.gnome.Terminal.desktop\"], \"active\":false, \"activeWorkspaceIndex\":null}]},{\"CollectionName\":\"Storage\",\"Favorite\":false,\"Setspace\":[{\"SetspaceName\":\"Primary Setspace\", \"Favorite\":true, \"DefaultWorkspaceIndex\":-1, \"WindowData\":null, \"Type\":1, \"FavApps\":[\"nemo.desktop\"], \"active\":false, \"activeWorkspaceIndex\":null},{\"SetspaceName\":\"Projects\", \"Favorite\":false, \"DefaultWorkspaceIndex\":1, \"WindowData\":null, \"Type\":1, \"FavApps\":[\"org.gnome.Terminal.desktop\"], \"active\":false, \"activeWorkspaceIndex\":null}]}]"</default>
      <summary>JSObject containing info on each setspace</summary>
      <description>Contains the information on each set.</description>
    </key>
  </schema>
</schemalist>
